{"cameraMode":{"drawMode":0,"name":"Shaded","section":"Shading Mode"},"sceneLighting":false,"audioPlay":false,"sceneViewState":{"m_AlwaysRefresh":false,"showFog":true,"showSkybox":false,"showFlares":true,"showImageEffects":true,"showParticleSystems":true,"showVisualEffectGraphs":true,"m_FxEnabled":true},"in2DMode":false,"pivot":{"x":0.8243849873542786,"y":3.0350866317749025,"z":0.0809573382139206},"rotation":{"x":-0.10603249073028565,"y":0.8617857694625855,"z":-0.2016110122203827,"w":-0.45326530933380129},"size":1.6969531774520875,"orthographic":false}