{"cameraMode":{"drawMode":0,"name":"Shaded","section":"Shading Mode"},"sceneLighting":true,"audioPlay":false,"sceneViewState":{"m_AlwaysRefresh":false,"showFog":true,"showSkybox":true,"showFlares":true,"showImageEffects":true,"showParticleSystems":true,"showVisualEffectGraphs":true,"m_FxEnabled":true},"in2DMode":false,"pivot":{"x":8.234607696533204,"y":5.765069007873535,"z":-0.4548535645008087},"rotation":{"x":0.05415840819478035,"y":-0.9448627233505249,"z":0.24964343011379243,"w":0.2049528956413269},"size":34.884422302246097,"orthographic":false}