{"cameraMode":{"drawMode":0,"name":"Shaded","section":"Shading Mode"},"sceneLighting":true,"audioPlay":false,"sceneViewState":{"m_AlwaysRefresh":false,"showFog":true,"showSkybox":true,"showFlares":true,"showImageEffects":true,"showParticleSystems":true,"showVisualEffectGraphs":true,"m_FxEnabled":true},"in2DMode":false,"pivot":{"x":-2.282222270965576,"y":5.713596343994141,"z":0.9816516041755676},"rotation":{"x":0.019553037360310556,"y":-0.876970112323761,"z":0.035808127373456958,"w":0.47885265946388247},"size":12.024394035339356,"orthographic":false}