{"cameraMode":{"drawMode":0,"name":"Shaded","section":"Shading Mode"},"sceneLighting":true,"audioPlay":false,"sceneViewState":{"showFog":true,"showMaterialUpdate":false,"showSkybox":true,"showFlares":true,"showImageEffects":true,"showParticleSystems":true},"in2DMode":false,"pivot":{"x":0.331787109375,"y":0.5140380859375,"z":0.751953125},"rotation":{"x":-0.03808293119072914,"y":0.17889924347400666,"z":-0.0069272578693926338,"w":-0.9831056594848633},"size":1.833951473236084,"orthographic":true}