{"cameraMode":{"drawMode":0,"name":"Shaded","section":"Shading Mode"},"sceneLighting":true,"audioPlay":false,"sceneViewState":{"showFog":true,"showMaterialUpdate":false,"showSkybox":true,"showFlares":true,"showImageEffects":true,"showParticleSystems":true},"in2DMode":false,"pivot":{"x":0.331787109375,"y":0.5140380859375,"z":0.751953125},"rotation":{"x":0.041703615337610248,"y":-0.009587994776666165,"z":0.0003967873635701835,"w":0.9990839958190918},"size":4.4263916015625,"orthographic":true}