{"cameraMode":{"drawMode":0,"name":"Shaded","section":"Shading Mode"},"sceneLighting":true,"audioPlay":false,"sceneViewState":{"showFog":true,"showMaterialUpdate":false,"showSkybox":true,"showFlares":true,"showImageEffects":true,"showParticleSystems":true},"in2DMode":false,"pivot":{"x":0.331787109375,"y":0.5140380859375,"z":0.751953125},"rotation":{"x":-0.055748097598552707,"y":0.605681836605072,"z":-0.04259753227233887,"w":-0.7926077842712402},"size":5.900135517120361,"orthographic":true}