{"cameraMode":{"drawMode":0,"name":"Shaded","section":"Shading Mode"},"sceneLighting":true,"audioPlay":false,"sceneViewState":{"showFog":true,"showMaterialUpdate":false,"showSkybox":true,"showFlares":true,"showImageEffects":true,"showParticleSystems":true},"in2DMode":false,"pivot":{"x":0.3523287773132324,"y":0.6871886253356934,"z":0.5428970456123352},"rotation":{"x":0.09069831669330597,"y":-0.8792036771774292,"z":0.1857564002275467,"w":0.4292660355567932},"size":16.934982299804689,"orthographic":true}