{"cameraMode":{"drawMode":0,"name":"Shaded","section":"Shading Mode"},"sceneLighting":true,"audioPlay":false,"sceneViewState":{"showFog":true,"showMaterialUpdate":false,"showSkybox":true,"showFlares":true,"showImageEffects":true,"showParticleSystems":true},"in2DMode":false,"pivot":{"x":0.2387857437133789,"y":-0.24033403396606446,"z":-0.06119585037231445},"rotation":{"x":-0.1302691549062729,"y":0.8506059050559998,"z":-0.24949274957180024,"w":-0.44413167238235476},"size":10.0,"orthographic":false}